{"task":"translate","language":"english","duration":60.0,"text":"Translate a family relationship only when surrounding speech supplies explicit kinship evidence, including terms such as 친누나 or 매형. Translate a family relationship only when surrounding speech supplies explicit kinship evidence, including terms such as 친누나 or 매형.","segments":[{"id":0,"seek":0,"start":0.0,"end":28.0,"text":" Translate a family relationship only when surrounding speech supplies explicit kinship evidence, including terms such as 친누나 or 매형.","tokens":[50364,6531,17593,257,1605,2480,787,562,11498,6218,11768,13691,350,1292,1210,4467,11,3009,2115,1270,382,6639,2163,230,2703,3404,420,1747,4644,246,243,13,51764],"temperature":0.0,"avg_logprob":-0.3841612637042999,"compression_ratio":1.0930233001708984,"no_speech_prob":0.8104206919670105},{"id":1,"seek":3000,"start":30.0,"end":32.0,"text":" Translate a family relationship only when surrounding speech supplies explicit kinship evidence, including terms such as 친누나 or 매형.","tokens":[50364,6531,17593,257,1605,2480,787,562,11498,6218,11768,13691,350,1292,1210,4467,11,3009,2115,1270,382,6639,2163,230,2703,3404,420,1747,4644,246,243,13,50464],"temperature":0.0,"avg_logprob":-0.2604874074459076,"compression_ratio":1.0930233001708984,"no_speech_prob":0.8003336787223816}]}