{"task":"translate","language":"english","duration":40.0,"text":"Translate a family relationship only when surrounding speech supplies explicit kinship evidence, including terms such as 친누나 or 매형. Translate a family relationship only when surrounding speech supplies explicit kinship evidence, including terms such as 친누나 or 매형.","segments":[{"id":0,"seek":0,"start":0.0,"end":7.0,"text":" Translate a family relationship only when surrounding speech supplies explicit kinship evidence, including terms such as 친누나 or 매형.","tokens":[50414,6531,17593,257,1605,2480,787,562,11498,6218,11768,13691,350,1292,1210,4467,11,3009,2115,1270,382,6639,2163,230,2703,3404,420,1747,4644,246,243,13,50714],"temperature":0.0,"avg_logprob":-0.39273717999458313,"compression_ratio":1.0930233001708984,"no_speech_prob":0.8243390917778015},{"id":1,"seek":3000,"start":30.0,"end":40.0,"text":" Translate a family relationship only when surrounding speech supplies explicit kinship evidence, including terms such as 친누나 or 매형.","tokens":[50364,6531,17593,257,1605,2480,787,562,11498,6218,11768,13691,350,1292,1210,4467,11,3009,2115,1270,382,6639,2163,230,2703,3404,420,1747,4644,246,243,13,50864],"temperature":0.0,"avg_logprob":-0.21720071136951447,"compression_ratio":1.0930233001708984,"no_speech_prob":0.8540074825286865}]}